address,total_received_sol,total_sent_sol,transaction_count,first_seen,last_seen
Dmmq1SX3fwThVeHKyH3Y7ri1ZkqVErvn2iqT76KEWvWm,0.000000000,0.002074080,1,2026-02-16T13:05:44.000Z,2026-02-16T13:05:44.000Z
GWrVKdMZJ2urFC6JAMhszCo8EAUiKdvF5UgKvv49aVes,0.000000000,10.000000000,1,2026-02-16T13:05:44.000Z,2026-02-16T13:05:44.000Z
68PwfUtJxebi74FpMDXuDKSJC87vSqDEdFTuK2uBuTBW,0.000000000,0.002074080,1,2026-02-16T13:05:29.000Z,2026-02-16T13:05:29.000Z
Gpg793bwoHH2tUFbVD7AxUCNkQhCjwAy3qWQL9ERwiGN,0.000000000,10.000000000,1,2026-02-16T13:05:29.000Z,2026-02-16T13:05:29.000Z
2HZ2NwxLusxEfuLoUnME4GNEeUj8iGmkdSghoELU5KjW,0.000000018,0.000000000,18,2026-02-14T01:54:14.000Z,2026-02-14T01:54:14.000Z
Dvx4pDrFBWx79MB5VJwQawwugoDrkHUNogFXzmp8XU6m,0.000000018,0.000000000,18,2026-02-14T01:54:14.000Z,2026-02-14T01:54:14.000Z
GedU7SaXtkak2nWH2EuwaV6ycMM1zwLK2nbA7bmvhBk4,0.000000000,0.002074080,1,2026-02-14T01:54:13.000Z,2026-02-14T01:54:13.000Z
BxUvTLRdbx9JMesXKJfPmSqBcbpT4cV8jCzhH1eFXj73,0.000000000,10.000000000,1,2026-02-14T01:54:13.000Z,2026-02-14T01:54:13.000Z
XTZShgfhnTV5zduMcKL2ahHh4bJateZZ2CtavN3SyvK,0.000000018,0.000000000,18,2026-02-13T17:25:41.000Z,2026-02-13T17:25:41.000Z
Fr9vxMRvNcpWhzWyWHzQRD5GoHymXkhyr9hqy6eirTMb,0.000000018,0.000000000,18,2026-02-13T17:25:41.000Z,2026-02-13T17:25:41.000Z
Esxn9xF9iaHydn6QQVSyUCqnzWZAeay9tNPHaVbkUi6j,0.000000000,0.002074080,1,2026-02-13T17:25:39.000Z,2026-02-13T17:25:39.000Z
z4sxTsKQTyLodFDVK7SnHUVcLRTG1Ef72mTYRgDJBX8,0.000000000,10.000000000,1,2026-02-13T17:25:39.000Z,2026-02-13T17:25:39.000Z
AxJFkjuEYw7kEmGmHXQTmLnJWYtBEZheptQgAEFWtN3F,0.000000037,0.000000000,37,2026-02-13T13:10:54.000Z,2026-02-13T13:10:55.000Z
5Eccq3VxH2jxGvWSQ9CEZAbRkJfx5YLqAewb12d8HP4,0.000000037,0.000000000,37,2026-02-13T13:10:54.000Z,2026-02-13T13:10:54.000Z
2tzUphYzGZRpmEnFjtoC9uWjQcHhiLR8QfzwiMcPSvhb,0.000000000,0.002074080,1,2026-02-13T13:10:51.000Z,2026-02-13T13:10:51.000Z
81rrvfpotBk23TRin3gy7xAu7aBGxbzPMjHZByF5LQ8Q,0.000000000,10.000000000,1,2026-02-13T13:10:51.000Z,2026-02-13T13:10:51.000Z
A8j1hp5QXQn4VMfpQBYczQDFxBAatH5g7L6Jq3kvoiow,0.000000018,0.000000000,18,2026-02-11T07:22:25.000Z,2026-02-11T07:22:25.000Z
FEKJ6L7QK6mizAgzEtQeaoMUvmx8tHEuKukFYbpPvRLW,0.000000018,0.000000000,18,2026-02-11T07:22:25.000Z,2026-02-11T07:22:25.000Z
9RNyrKoDXZSAn2VT4MMQeeRRMxW8xCg6XF8ZNe6iRjQT,0.000000000,0.002074080,1,2026-02-11T07:22:21.000Z,2026-02-11T07:22:21.000Z
AQLEJojYhyrx9DJndM84LNU6bgujKfsMqxGQdBj223Kd,0.000000000,10000.000000000,1,2026-02-11T07:22:21.000Z,2026-02-11T07:22:21.000Z
H7sgX4wEPxDHa7R13DqCmxNMHN9VevPj8N59UmvfE8Sr,0.000000000,20.192500000,3,2026-02-09T06:35:06.000Z,2026-02-11T07:22:05.000Z
DCEh5F6mYcvde4ABaFPaXEufsaNas26ZjMyB3BqXn8EJ,0.000000000,362.394900000,4,2026-02-09T06:22:58.000Z,2026-02-11T05:59:56.000Z
AxjasLTk7LyH4yhs9N7RouFdMwNXSqUDTviJiftEPfMp,0.000000000,18.260000000,1,2026-02-11T05:57:38.000Z,2026-02-11T05:57:38.000Z
BrbRKpkhHMGjnoAMzxj5iZzLskjrfeZrGK9HejZnvVTD,0.000010000,0.000000000,1,2026-02-11T02:34:46.000Z,2026-02-11T02:34:46.000Z
G6B8naEjJn31ngMAZWn12gC4bkQx6M8DxeKTf6g3Cqsz,0.000000034,0.000000000,34,2026-02-11T02:33:59.000Z,2026-02-11T02:33:59.000Z
7mmD24VyECeZx3tEidXDFFwS2KBmmNCryD5sfgGKM4MZ,0.000000017,0.000000000,17,2026-02-11T02:33:59.000Z,2026-02-11T02:33:59.000Z
BrbRNVaUePvV62Mu7Bt4EP8vGJrF4i7E5w23H3PnvVTD,0.000000000,0.250000000,1,2026-02-11T02:33:54.000Z,2026-02-11T02:33:54.000Z
po27vzv7pSZYsroDopmGVVBVAqxg4GcyZXxmCkoejFB,0.000800152,0.000000000,160,2026-02-09T06:08:43.000Z,2026-02-10T04:47:16.000Z
E8qw4Xd74ryQXe7fDqBeUXVBbLuQMHaNraSsnfbyfVj2,0.000000000,0.582800000,1,2026-02-10T04:37:59.000Z,2026-02-10T04:37:59.000Z
F3oVzbYjNeusmPc5LtgrbWFFUFD9wFi975A3G742Eidq,0.000000000,0.179380000,1,2026-02-10T04:37:28.000Z,2026-02-10T04:37:28.000Z
6ANGpigiXR9rkVoPhmwdoKPpSxaDHnvx3EjoYXM9SKed,0.000000000,3.000000000,1,2026-02-10T04:36:05.000Z,2026-02-10T04:36:05.000Z
H1GHiG72dMVaYmkoVNXj6RHVC5ARBentqjB5VNiJiaKx,0.000000035,0.000000000,35,2026-02-10T04:35:40.000Z,2026-02-10T04:35:41.000Z
75jKDiD3UtbhWK3asgvm6hBJ39XXLg3gDjQC2X2khjJi,0.000000035,0.000000000,35,2026-02-10T04:35:40.000Z,2026-02-10T04:35:40.000Z
7p4ChEwzZtKPucregfJ3DLyEmQh6PXjuKNht87sopM7r,0.000000000,0.681622000,2,2026-02-09T07:26:03.000Z,2026-02-10T04:35:36.000Z
8gcNuP7zDgcxyPwioepp6iVpE5rVorVST5gXSVVYWrqh,0.000900881,0.000000000,2,2026-02-10T04:34:10.000Z,2026-02-10T04:34:10.000Z
8gcNRBQLxsKUERa51Hp5Be725wKisP2d9o6XnMKpHFnd,3.000000000,0.000000000,1,2026-02-10T04:33:56.000Z,2026-02-10T04:33:56.000Z
8Wkcn58GuDQUDuqnkrWKu22qwddHQsGm1YKVDW5ydqpZ,0.000000000,0.002074080,1,2026-02-09T17:18:39.000Z,2026-02-09T17:18:39.000Z
DryJ3M5eKUmQBQ24cqJgBit8CcTXuEKAU9jnipWaFfNd,1.393540190,10.000000000,2,2026-02-09T17:18:16.000Z,2026-02-09T17:18:39.000Z
GWNSyqep5LF7RvmURB79CmdSUmviB75QP1zYXifJ5LCn,0.000000000,200.213110000,2,2026-02-09T06:14:51.000Z,2026-02-09T11:34:18.000Z
pohJj8FSmifd5V2kpgbzekrnnwZ89LmDg7kEFEu5vuW,0.000400076,0.000000000,80,2026-02-09T06:08:52.000Z,2026-02-09T07:27:56.000Z
2fGoAG321mw5SEh82KPXXSNhoAH57cH85fWtdG2C7zfC,0.000000017,0.000000000,17,2026-02-09T06:51:09.000Z,2026-02-09T06:51:09.000Z
Gq1fAr1jd7hcGMc35f1j4YvXenYoMGZavcVUwoUiNuTR,0.000000017,0.000000000,17,2026-02-09T06:51:09.000Z,2026-02-09T06:51:09.000Z
7yV8C8So94KSnK3kZUvH1QFFiLkmxYw1XwVusoQrXtkr,0.000000000,12.000000000,1,2026-02-09T06:51:08.000Z,2026-02-09T06:51:08.000Z
JDrTZEP1QfoFQsqMobeEn1H1BYtBUUy3mVit4gHxnMVy,0.000000000,0.069000000,1,2026-02-09T06:49:52.000Z,2026-02-09T06:49:52.000Z
AwLtE2CU2x74SbKgHacnQ7TdmQhqTnbB4TEZh1CDSscg,0.000000000,0.022130000,1,2026-02-09T06:49:12.000Z,2026-02-09T06:49:12.000Z
HfAGg8W5CDFwZyR7WuPxjkY4Cm5CuyVHFhsALmQEMEwv,0.000000000,0.022600000,1,2026-02-09T06:48:51.000Z,2026-02-09T06:48:51.000Z
9N5YVrbNaBwHT4rUL1fRZNHSZjo1SdqbAQpwV7c64Zdb,0.000000000,25.275520000,2,2026-02-09T06:47:58.000Z,2026-02-09T06:48:22.000Z
J4iss6UWRUH1AVNzNAWfHtuoiBfhzbFVJiFU7QfQnjyD,0.000000000,0.013669000,1,2026-02-09T06:47:27.000Z,2026-02-09T06:47:27.000Z
BABzKd6JQ1Pv9fWHngoV1ES6Yedn21xXqYZN19ATybf4,0.000000000,0.149500000,1,2026-02-09T06:46:50.000Z,2026-02-09T06:46:50.000Z
AtwRkCGH84tDN3bEjcY1uL5i83jjcwUmAg9kMAXQ1qKk,0.000000000,0.416800000,1,2026-02-09T06:46:14.000Z,2026-02-09T06:46:14.000Z
9cSMyJdYmZTP5CRKVJze3oxjWFySvAjY8AyVREmja6Bg,0.000000000,0.018260000,1,2026-02-09T06:45:22.000Z,2026-02-09T06:45:22.000Z
Hhv3g8SXxUcqos1jZ4rFwH1YudQcCh4FxuvhBwSPBQXT,0.000000000,0.042420000,1,2026-02-09T06:44:30.000Z,2026-02-09T06:44:30.000Z
7XLkF3gT4dEyYsRdhrpM71mkvMTmpYonWAyVrcBWggPv,0.000000000,0.404300000,1,2026-02-09T06:41:47.000Z,2026-02-09T06:41:47.000Z
FxwkMyhEMbxc6YPpvpugPHk2fvcERWCC9mE5sF9XAYTs,0.000000000,0.100100000,1,2026-02-09T06:41:06.000Z,2026-02-09T06:41:06.000Z
Ar4tPXNoqUCBCXyd4s9y9fka3qLWLnRs1JWwdg155SF7,0.000000000,0.672500000,1,2026-02-09T06:40:32.000Z,2026-02-09T06:40:32.000Z
DkGDXzuYGTPehmcpMxeZqqgr727bpQnYSPuxVoHWYM2G,0.000000000,0.512300000,1,2026-02-09T06:40:00.000Z,2026-02-09T06:40:00.000Z
7Q3f9FSNLfCvBdVZEvcLmF2r3BuMRenkXeqfcParAZ7G,0.000000000,158.281300000,2,2026-02-09T06:38:53.000Z,2026-02-09T06:39:14.000Z
EPTET2znur8mGJtFGRccoohjN2Dd9EgEftXwiF7Lk4mn,0.000000000,0.659700000,1,2026-02-09T06:38:15.000Z,2026-02-09T06:38:15.000Z
PahPb7FbndN1DKYvg9PseRH2BdJ5PTNkyPffhvMQWVv,0.000000000,0.600200000,1,2026-02-09T06:37:48.000Z,2026-02-09T06:37:48.000Z
Ak2FHaJiKmNwtn6z9uGSSm4abvVi8rbT7zeNMmSFBsGa,0.000000000,3.878080000,2,2026-02-09T06:36:23.000Z,2026-02-09T06:36:56.000Z
8WocYkTeZBZtzHgTNJGoGFGpffwfDGeWMcXZoeVXSvX6,0.000000000,40.436650000,2,2026-02-09T06:33:27.000Z,2026-02-09T06:33:51.000Z
5335KqdAZrkom94kXS3X1mDqjv7HudwqA7oPDUHA61ZZ,0.000000000,0.504120000,1,2026-02-09T06:32:49.000Z,2026-02-09T06:32:49.000Z
GAKQwwX3yFGAz8kSLe32dtT7TvNNprjZcR5p1rCqpkaF,0.000000000,0.501000000,1,2026-02-09T06:32:14.000Z,2026-02-09T06:32:14.000Z
7bknJmo6cHXKvaya1dhsdBFVBsLrQYSR1AceoQP2LsSE,0.000000000,0.401200000,1,2026-02-09T06:31:43.000Z,2026-02-09T06:31:43.000Z
8C7gPAt4ddFHobet4KDRXcTYtK4Ln9vuazK18f9VyHwU,0.000000000,0.031500000,1,2026-02-09T06:30:53.000Z,2026-02-09T06:30:53.000Z
A1NYouyGFpvGS5J2EsZfRj2xwASAJHUBzWANP32W4Y6q,0.000000000,0.014550000,1,2026-02-09T06:30:06.000Z,2026-02-09T06:30:06.000Z
C7q4ZF3xEo14K6DLehq9LRj3EZucV7tEvBGBq43HoqKY,0.000000000,0.020255000,1,2026-02-09T06:29:33.000Z,2026-02-09T06:29:33.000Z
EvGbaR6qiNGoqWE87277jp2mH5vWKCLaXX7uLiBJcsq,0.000000000,0.424220000,1,2026-02-09T06:29:09.000Z,2026-02-09T06:29:09.000Z
9AdwBpz2hDzcCq3kzRS7L6Q5eFRdftrw6LqYe4xn5GeH,0.000000000,0.804150000,1,2026-02-09T06:28:34.000Z,2026-02-09T06:28:34.000Z
CYak5YxSzGHWQwBQDi55sUDKtuHUnmE4jmaGH5qwBUw3,0.000000000,0.404523000,1,2026-02-09T06:26:51.000Z,2026-02-09T06:26:51.000Z
Bk9uP1pyRYD4cVCi7q6U2eaLYYGWuJsk3Dwjy95enfAT,0.000000000,0.362200000,1,2026-02-09T06:26:19.000Z,2026-02-09T06:26:19.000Z
7AezYJVLcVS9ynb8JFtPyYYwDoX41J2WQjS32VDoKdCa,0.000000000,1.135020000,1,2026-02-09T06:25:45.000Z,2026-02-09T06:25:45.000Z
94HXZkGGiGqAnaWDiU8Ma9MhfNiWJPSmGy93kYpyrmvG,0.000000000,0.113320000,1,2026-02-09T06:24:59.000Z,2026-02-09T06:24:59.000Z
CTQUNaqmq89NVz7zvfeyXrbiJveMGZU8VNMoHPgdNMeg,0.000000000,0.221300000,1,2026-02-09T06:24:20.000Z,2026-02-09T06:24:20.000Z
GSbt4mP5Q1qPhvqKeGCsnvvZ2fxJvn7deWEiDBGrmZmK,0.000000000,0.522500000,1,2026-02-09T06:20:34.000Z,2026-02-09T06:20:34.000Z
EfAnU8MVS4BpXvCkDNhJAPFsp31TrBjnn3ZbV9wF7kdM,0.000000000,0.002074080,1,2026-02-09T06:19:33.000Z,2026-02-09T06:19:33.000Z
6bdShxYuTG9d4TuiBykz6uSPLdxwiu7jkadtUzJ2UdVA,21.710988170,10.000000000,2,2026-02-09T06:19:09.000Z,2026-02-09T06:19:33.000Z
5tFUqnQxYCv3wijX51i7pf4Tvaa8qM131WFNswKWkHnN,0.000000000,0.051320000,1,2026-02-09T06:14:16.000Z,2026-02-09T06:14:16.000Z
2kZviHbkewT3wq1ApFCK8YpSKFRvqLS3b3yoqZN1dwNj,0.000000000,0.012560000,1,2026-02-09T06:12:59.000Z,2026-02-09T06:12:59.000Z
3iiKXdWs72zC4BHCFjTrz4BGxTq4JfxMRdJTR5sTFQ7b,0.000000000,0.030671000,1,2026-02-09T06:09:25.000Z,2026-02-09T06:09:25.000Z